{
  "Baseline RF_Validation": {
    "model_name": "Baseline RF",
    "dataset": "Validation",
    "accuracy": 0.9996890332388916,
    "precision": 0.9991584262571008,
    "recall": 0.9970606760445098,
    "f1_score": 0.998108448928121,
    "inference_time": 0.32606077194213867,
    "n_features": 77,
    "roc_auc": 0.9999860858229523,
    "true_negatives": 53117.0,
    "false_positives": 4.0,
    "false_negatives": 14.0,
    "true_positives": 4749.0,
    "fpr": 7.529978727810095e-05,
    "fnr": 0.002939323955490237,
    "detection_rate": 0.9970606760445098
  },
  "GA-Optimized RF_Validation": {
    "model_name": "GA-Optimized RF",
    "dataset": "Validation",
    "accuracy": 0.9990670997166747,
    "precision": 0.9928825622775801,
    "recall": 0.9958009657778711,
    "f1_score": 0.9943396226415094,
    "inference_time": 0.4307687282562256,
    "n_features": 35,
    "roc_auc": 0.9997119759422632,
    "true_negatives": 53087.0,
    "false_positives": 34.0,
    "false_negatives": 20.0,
    "true_positives": 4743.0,
    "fpr": 0.000640048191863858,
    "fnr": 0.004199034222128911,
    "detection_rate": 0.9958009657778711
  },
  "Baseline RF_Test": {
    "model_name": "Baseline RF",
    "dataset": "Test",
    "accuracy": 0.9998272436727995,
    "precision": 0.9997896950578339,
    "recall": 0.998110434600042,
    "f1_score": 0.9989493591090566,
    "inference_time": 0.3883781433105469,
    "n_features": 77,
    "roc_auc": 0.9999943127044862,
    "true_negatives": 53121.0,
    "false_positives": 1.0,
    "false_negatives": 9.0,
    "true_positives": 4754.0,
    "fpr": 1.882459244757351e-05,
    "fnr": 0.0018895653999580096,
    "detection_rate": 0.998110434600042
  },
  "GA-Optimized RF_Test": {
    "model_name": "GA-Optimized RF",
    "dataset": "Test",
    "accuracy": 0.9989634620367971,
    "precision": 0.9910210899979118,
    "recall": 0.9964308209111904,
    "f1_score": 0.9937185929648241,
    "inference_time": 0.5786569118499756,
    "n_features": 35,
    "roc_auc": 0.9998376927276833,
    "true_negatives": 53079.0,
    "false_positives": 43.0,
    "false_negatives": 17.0,
    "true_positives": 4746.0,
    "fpr": 0.0008094574752456609,
    "fnr": 0.003569179088809574,
    "detection_rate": 0.9964308209111904
  }
}